<?xml version="1.0" encoding="UTF-8"?>
<project-private xmlns="http://www.netbeans.org/ns/project-private/1">
    <editor-bookmarks xmlns="http://www.netbeans.org/ns/editor-bookmarks/2" lastBookmarkId="0"/>
    <open-files xmlns="http://www.netbeans.org/ns/projectui-open-files/2">
        <group>
            <file>file:/home/OllieGee/Documents/Reviewdoo/Final-Year-Project/code/Reviewdoo/inc/TaxonomyTree/NodeInterface.php</file>
            <file>file:/home/OllieGee/Documents/Reviewdoo/Final-Year-Project/code/Reviewdoo/Javascript/custom-javascript-script.js</file>
            <file>file:/home/OllieGee/Documents/Reviewdoo/Final-Year-Project/code/Reviewdoo/inc/Base/BaseController.php</file>
            <file>file:/home/OllieGee/Documents/Reviewdoo/Final-Year-Project/code/Reviewdoo/inc/Base/SettingsLinks.php</file>
            <file>file:/home/OllieGee/Documents/Reviewdoo/Final-Year-Project/code/Reviewdoo/inc/Database/JsonCreation.php</file>
            <file>file:/home/OllieGee/Documents/Reviewdoo/Final-Year-Project/code/Reviewdoo/inc/Database/DBCreation.php</file>
            <file>file:/home/OllieGee/Documents/Reviewdoo/Final-Year-Project/code/Reviewdoo/inc/Database/DatabaseAPI.php</file>
            <file>file:/home/OllieGee/Documents/Reviewdoo/Final-Year-Project/code/Reviewdoo/Javascript/custom-ajax-script.js</file>
            <file>file:/home/OllieGee/Documents/Reviewdoo/Final-Year-Project/code/Reviewdoo/templates/adminOptions.php</file>
            <file>file:/home/OllieGee/Documents/Reviewdoo/Final-Year-Project/code/Reviewdoo/inc/TaxonomyTree/NodeTrait.php</file>
            <file>file:/home/OllieGee/Documents/Reviewdoo/Final-Year-Project/code/Reviewdoo/templates/admin.php</file>
            <file>file:/home/OllieGee/Documents/Reviewdoo/Final-Year-Project/code/Reviewdoo/inc/Base/Activate.php</file>
            <file>file:/home/OllieGee/Documents/Reviewdoo/Final-Year-Project/code/Reviewdoo/css/custom-css-script.css</file>
        </group>
    </open-files>
</project-private>
